Workbook

Sheet Working
A1: replicate | B1: Temp | C1: Ro | D1: Ro adj | E1: Rm | F1: Rm adj | G1: Tc | H1: Tc dj | I1: Td | J1: Td adj | K1: Lam | L1: Lam adj
A2: 1 | B2: 10 | C2: 5.508 | D2: 5.346 | E2: 0.031691261 | F2: 0.031265903 | G2: 53.838235 | H2: 53.624451 | I2: 21.871871 | J2: 22.167418 | K2: 1.0321988 | L2: 1.0317598
A3: 2 | B3: 10 | C3: 5.508 | D3: 5.346 | E3: 0.031691261 | F3: 0.031265903 | G3: 53.838235 | H3: 53.624451 | I3: 21.871871 | J3: 22.167418 | K3: 1.0321988 | L3: 1.0317598
A4: 3 | B4: 10 | C4: 5.103 | D4: 5.751 | E4: 0.03047765 | F4: 0.032479514 | G4: 53.47619 | H4: 53.986496 | I4: 22.742803 | J4: 21.296486 | K4: 1.0309468 | L4: 1.0330117
A5: 4 | B5: 10 | C5: 5.751 | D5: 5.103 | E5: 0.032608437 | F5: 0.030348727 | G5: 53.647887 | H5: 53.814799 | I5: 21.256682 | J5: 22.782607 | K5: 1.0331459 | L5: 1.0308126
A6: 5 | B6: 10 | C6: 5.67 | D6: 5.184 | E6: 0.032329848 | F6: 0.030627316 | G6: 53.671429 | H6: 53.791258 | I6: 21.439853 | J6: 22.599436 | K6: 1.0328581 | L6: 1.0311004
A7: 6 | B7: 10 | C7: 5.022 | D7: 5.832 | E7: 0.029814467 | F7: 0.033142697 | G7: 54.129032 | H7: 53.333654 | I7: 23.248686 | J7: 20.790603 | K7: 1.0302634 | L7: 1.0336952
A8: 7 | B8: 10 | C8: 5.67 | D8: 5.184 | E8: 0.032329848 | F8: 0.030627316 | G8: 53.671429 | H8: 53.791258 | I8: 21.439853 | J8: 22.599436 | K8: 1.0328581 | L8: 1.0311004
A9: 8 | B9: 10 | C9: 5.751 | D9: 5.103 | E9: 0.032608437 | F9: 0.030348727 | G9: 53.647887 | H9: 53.814799 | I9: 21.256682 | J9: 22.782607 | K9: 1.0331459 | L9: 1.0308126
A10: 9 | B10: 10 | C10: 5.427 | D10: 5.427 | E10: 0.031478582 | F10: 0.031478582 | G10: 53.731343 | H10: 53.731343 | I10: 22.019644 | J10: 22.019644 | K10: 1.0319793 | L10: 1.0319793
A11: 10 | B11: 10 | C11: 5.508 | D11: 5.346 | E11: 0.031691261 | F11: 0.031265903 | G11: 53.838235 | H11: 53.624451 | I11: 21.871871 | J11: 22.167418 | K11: 1.0321988 | L11: 1.0317598
A12: 11 | B12: 10 | C12: 5.022 | D12: 5.832 | E12: 0.029814467 | F12: 0.033142697 | G12: 54.129032 | H12: 53.333654 | I12: 23.248686 | J12: 20.790603 | K12: 1.0302634 | L12: 1.0336952
A13: 12 | B13: 10 | C13: 5.751 | D13: 5.103 | E13: 0.032608437 | F13: 0.030348727 | G13: 53.647887 | H13: 53.814799 | I13: 21.256682 | J13: 22.782607 | K13: 1.0331459 | L13: 1.0308126
... A4001: 1000 | B4001: 23 | C4001: 99.702 | D4001: 101.094 | E4001: 0.19534204 | F4001: 0.19498233 | G4001: 23.559628 | H4001: 23.674341 | I4001: 3.5483769 | J4001: 3.554917 | K4001: 1.2157267 | L4001: 1.2152895

Sheet 10
A1: temp | B1: iterate | C1: R0 | D1: rm | E1: gen time | F1: pop dbl | G1: lamdba
A2: 10 | B2: 1 | C2: 5.265 | D2: 0.031061644 | E2: 53.476923 | F2: 22.315212 | G2: 1.0315491
A3: 10 | B3: 2 | C3: 5.022 | D3: 0.029814467 | E3: 54.129032 | F3: 23.248686 | G3: 1.0302634
A4: 10 | B4: 3 | C4: 5.508 | D4: 0.031691261 | E4: 53.838235 | F4: 21.871871 | G4: 1.0321988
A5: 10 | B5: 4 | C5: 5.751 | D5: 0.032608437 | E5: 53.647887 | F5: 21.256682 | G5: 1.0331459
A6: 10 | B6: 5 | C6: 5.67 | D6: 0.032329848 | E6: 53.671429 | F6: 21.439853 | G6: 1.0328581
A7: 10 | B7: 6 | C7: 3.969 | D7: 0.026354738 | E7: 52.306122 | F7: 26.300666 | G7: 1.0267051
A8: 10 | B8: 7 | C8: 5.103 | D8: 0.03047765 | E8: 53.47619 | F8: 22.742803 | G8: 1.0309468
A9: 10 | B9: 8 | C9: 5.265 | D9: 0.03145987 | E9: 52.8 | F9: 22.032741 | G9: 1.03196
A10: 10 | B10: 9 | C10: 5.427 | D10: 0.031478582 | E10: 53.731343 | F10: 22.019644 | G10: 1.0319793
A11: 10 | B11: 10 | C11: 5.508 | D11: 0.031596326 | E11: 54 | F11: 21.937588 | G11: 1.0321008

Sheet Bootstrap10
A1: replicate | B1: Temp | C1: Ro | D1: Ro adj | E1: Rm | F1: Rm adj | G1: Tc | H1: Tc dj | I1: Td | J1: Td adj | K1: Lam | L1: Lam adj | M1: Randomization
A2: 1 | B2: 10 | C2: =VLOOKUP(M2,'10'!$B$2:$G$12, 2,FALSE) -> 5.67 | D2: =(2*'10'!$C$10)-Bootstrap10!C2 -> 5.184 | E2: =VLOOKUP(M2,'10'!$B$2:$G$12, 3,FALSE) -> 0.032329848 | F2: =(2*'10'!$D$10)-Bootstrap10!E2 -> 0.030627316 | G2: =VLOOKUP(M2,'10'!$B$2:$G$12, 4,FALSE) -> 53.671429 | H2: =(2*'10'!$E$10)-Bootstrap10!G2 -> 53.791258 | I2: =VLOOKUP(M2,'10'!$B$2:$G$12, 5,FALSE) -> 21.439853 | J2: =(2*'10'!$F$10)-Bootstrap10!I2 -> 22.599436 | K2: =VLOOKUP(M2,'10'!$B$2:$G$12, 6,FALSE) -> 1.0328581 | L2: =(2*'10'!$G$10)-Bootstrap10!K2 -> 1.0311004 | M2: =RANDBETWEEN(1,10) -> 5
A3: 2 | B3: 10 | C3: =VLOOKUP(M3,'10'!$B$2:$G$12, 2,FALSE) -> 5.508 | D3: =(2*'10'!$C$10)-Bootstrap10!C3 -> 5.346 | E3: =VLOOKUP(M3,'10'!$B$2:$G$12, 3,FALSE) -> 0.031691261 | F3: =(2*'10'!$D$10)-Bootstrap10!E3 -> 0.031265903 | G3: =VLOOKUP(M3,'10'!$B$2:$G$12, 4,FALSE) -> 53.838235 | H3: =(2*'10'!$E$10)-Bootstrap10!G3 -> 53.624451 | I3: =VLOOKUP(M3,'10'!$B$2:$G$12, 5,FALSE) -> 21.871871 | J3: =(2*'10'!$F$10)-Bootstrap10!I3 -> 22.167418 | K3: =VLOOKUP(M3,'10'!$B$2:$G$12, 6,FALSE) -> 1.0321988 | L3: =(2*'10'!$G$10)-Bootstrap10!K3 -> 1.0317598 | M3: =RANDBETWEEN(1,10) -> 3
A4: 3 | B4: 10 | C4: =VLOOKUP(M4,'10'!$B$2:$G$12, 2,FALSE) -> 5.67 | D4: =(2*'10'!$C$10)-Bootstrap10!C4 -> 5.184 | E4: =VLOOKUP(M4,'10'!$B$2:$G$12, 3,FALSE) -> 0.032329848 | F4: =(2*'10'!$D$10)-Bootstrap10!E4 -> 0.030627316 | G4: =VLOOKUP(M4,'10'!$B$2:$G$12, 4,FALSE) -> 53.671429 | H4: =(2*'10'!$E$10)-Bootstrap10!G4 -> 53.791258 | I4: =VLOOKUP(M4,'10'!$B$2:$G$12, 5,FALSE) -> 21.439853 | J4: =(2*'10'!$F$10)-Bootstrap10!I4 -> 22.599436 | K4: =VLOOKUP(M4,'10'!$B$2:$G$12, 6,FALSE) -> 1.0328581 | L4: =(2*'10'!$G$10)-Bootstrap10!K4 -> 1.0311004 | M4: =RANDBETWEEN(1,10) -> 5
A5: 4 | B5: 10 | C5: =VLOOKUP(M5,'10'!$B$2:$G$12, 2,FALSE) -> 5.022 | D5: =(2*'10'!$C$10)-Bootstrap10!C5 -> 5.832 | E5: =VLOOKUP(M5,'10'!$B$2:$G$12, 3,FALSE) -> 0.029814467 | F5: =(2*'10'!$D$10)-Bootstrap10!E5 -> 0.033142697 | G5: =VLOOKUP(M5,'10'!$B$2:$G$12, 4,FALSE) -> 54.129032 | H5: =(2*'10'!$E$10)-Bootstrap10!G5 -> 53.333654 | I5: =VLOOKUP(M5,'10'!$B$2:$G$12, 5,FALSE) -> 23.248686 | J5: =(2*'10'!$F$10)-Bootstrap10!I5 -> 20.790603 | K5: =VLOOKUP(M5,'10'!$B$2:$G$12, 6,FALSE) -> 1.0302634 | L5: =(2*'10'!$G$10)-Bootstrap10!K5 -> 1.0336952 | M5: =RANDBETWEEN(1,10) -> 2
A6: 5 | B6: 10 | C6: =VLOOKUP(M6,'10'!$B$2:$G$12, 2,FALSE) -> 5.67 | D6: =(2*'10'!$C$10)-Bootstrap10!C6 -> 5.184 | E6: =VLOOKUP(M6,'10'!$B$2:$G$12, 3,FALSE) -> 0.032329848 | F6: =(2*'10'!$D$10)-Bootstrap10!E6 -> 0.030627316 | G6: =VLOOKUP(M6,'10'!$B$2:$G$12, 4,FALSE) -> 53.671429 | H6: =(2*'10'!$E$10)-Bootstrap10!G6 -> 53.791258 | I6: =VLOOKUP(M6,'10'!$B$2:$G$12, 5,FALSE) -> 21.439853 | J6: =(2*'10'!$F$10)-Bootstrap10!I6 -> 22.599436 | K6: =VLOOKUP(M6,'10'!$B$2:$G$12, 6,FALSE) -> 1.0328581 | L6: =(2*'10'!$G$10)-Bootstrap10!K6 -> 1.0311004 | M6: =RANDBETWEEN(1,10) -> 5
A7: 6 | B7: 10 | C7: =VLOOKUP(M7,'10'!$B$2:$G$12, 2,FALSE) -> 5.67 | D7: =(2*'10'!$C$10)-Bootstrap10!C7 -> 5.184 | E7: =VLOOKUP(M7,'10'!$B$2:$G$12, 3,FALSE) -> 0.032329848 | F7: =(2*'10'!$D$10)-Bootstrap10!E7 -> 0.030627316 | G7: =VLOOKUP(M7,'10'!$B$2:$G$12, 4,FALSE) -> 53.671429 | H7: =(2*'10'!$E$10)-Bootstrap10!G7 -> 53.791258 | I7: =VLOOKUP(M7,'10'!$B$2:$G$12, 5,FALSE) -> 21.439853 | J7: =(2*'10'!$F$10)-Bootstrap10!I7 -> 22.599436 | K7: =VLOOKUP(M7,'10'!$B$2:$G$12, 6,FALSE) -> 1.0328581 | L7: =(2*'10'!$G$10)-Bootstrap10!K7 -> 1.0311004 | M7: =RANDBETWEEN(1,10) -> 5
A8: 7 | B8: 10 | C8: =VLOOKUP(M8,'10'!$B$2:$G$12, 2,FALSE) -> 5.022 | D8: =(2*'10'!$C$10)-Bootstrap10!C8 -> 5.832 | E8: =VLOOKUP(M8,'10'!$B$2:$G$12, 3,FALSE) -> 0.029814467 | F8: =(2*'10'!$D$10)-Bootstrap10!E8 -> 0.033142697 | G8: =VLOOKUP(M8,'10'!$B$2:$G$12, 4,FALSE) -> 54.129032 | H8: =(2*'10'!$E$10)-Bootstrap10!G8 -> 53.333654 | I8: =VLOOKUP(M8,'10'!$B$2:$G$12, 5,FALSE) -> 23.248686 | J8: =(2*'10'!$F$10)-Bootstrap10!I8 -> 20.790603 | K8: =VLOOKUP(M8,'10'!$B$2:$G$12, 6,FALSE) -> 1.0302634 | L8: =(2*'10'!$G$10)-Bootstrap10!K8 -> 1.0336952 | M8: =RANDBETWEEN(1,10) -> 2
A9: 8 | B9: 10 | C9: =VLOOKUP(M9,'10'!$B$2:$G$12, 2,FALSE) -> 5.022 | D9: =(2*'10'!$C$10)-Bootstrap10!C9 -> 5.832 | E9: =VLOOKUP(M9,'10'!$B$2:$G$12, 3,FALSE) -> 0.029814467 | F9: =(2*'10'!$D$10)-Bootstrap10!E9 -> 0.033142697 | G9: =VLOOKUP(M9,'10'!$B$2:$G$12, 4,FALSE) -> 54.129032 | H9: =(2*'10'!$E$10)-Bootstrap10!G9 -> 53.333654 | I9: =VLOOKUP(M9,'10'!$B$2:$G$12, 5,FALSE) -> 23.248686 | J9: =(2*'10'!$F$10)-Bootstrap10!I9 -> 20.790603 | K9: =VLOOKUP(M9,'10'!$B$2:$G$12, 6,FALSE) -> 1.0302634 | L9: =(2*'10'!$G$10)-Bootstrap10!K9 -> 1.0336952 | M9: =RANDBETWEEN(1,10) -> 2
A10: 9 | B10: 10 | C10: =VLOOKUP(M10,'10'!$B$2:$G$12, 2,FALSE) -> 5.751 | D10: =(2*'10'!$C$10)-Bootstrap10!C10 -> 5.103 | E10: =VLOOKUP(M10,'10'!$B$2:$G$12, 3,FALSE) -> 0.032608437 | F10: =(2*'10'!$D$10)-Bootstrap10!E10 -> 0.030348727 | G10: =VLOOKUP(M10,'10'!$B$2:$G$12, 4,FALSE) -> 53.647887 | H10: =(2*'10'!$E$10)-Bootstrap10!G10 -> 53.814799 | I10: =VLOOKUP(M10,'10'!$B$2:$G$12, 5,FALSE) -> 21.256682 | J10: =(2*'10'!$F$10)-Bootstrap10!I10 -> 22.782607 | K10: =VLOOKUP(M10,'10'!$B$2:$G$12, 6,FALSE) -> 1.0331459 | L10: =(2*'10'!$G$10)-Bootstrap10!K10 -> 1.0308126 | M10: =RANDBETWEEN(1,10) -> 4
A11: 10 | B11: 10 | C11: =VLOOKUP(M11,'10'!$B$2:$G$12, 2,FALSE) -> 5.265 | D11: =(2*'10'!$C$10)-Bootstrap10!C11 -> 5.589 | E11: =VLOOKUP(M11,'10'!$B$2:$G$12, 3,FALSE) -> 0.03145987 | F11: =(2*'10'!$D$10)-Bootstrap10!E11 -> 0.031497294 | G11: =VLOOKUP(M11,'10'!$B$2:$G$12, 4,FALSE) -> 52.8 | H11: =(2*'10'!$E$10)-Bootstrap10!G11 -> 54.662687 | I11: =VLOOKUP(M11,'10'!$B$2:$G$12, 5,FALSE) -> 22.032741 | J11: =(2*'10'!$F$10)-Bootstrap10!I11 -> 22.006547 | K11: =VLOOKUP(M11,'10'!$B$2:$G$12, 6,FALSE) -> 1.03196 | L11: =(2*'10'!$G$10)-Bootstrap10!K11 -> 1.0319986 | M11: =RANDBETWEEN(1,10) -> 8
A12: 11 | B12: 10 | C12: =VLOOKUP(M12,'10'!$B$2:$G$12, 2,FALSE) -> 5.022 | D12: =(2*'10'!$C$10)-Bootstrap10!C12 -> 5.832 | E12: =VLOOKUP(M12,'10'!$B$2:$G$12, 3,FALSE) -> 0.029814467 | F12: =(2*'10'!$D$10)-Bootstrap10!E12 -> 0.033142697 | G12: =VLOOKUP(M12,'10'!$B$2:$G$12, 4,FALSE) -> 54.129032 | H12: =(2*'10'!$E$10)-Bootstrap10!G12 -> 53.333654 | I12: =VLOOKUP(M12,'10'!$B$2:$G$12, 5,FALSE) -> 23.248686 | J12: =(2*'10'!$F$10)-Bootstrap10!I12 -> 20.790603 | K12: =VLOOKUP(M12,'10'!$B$2:$G$12, 6,FALSE) -> 1.0302634 | L12: =(2*'10'!$G$10)-Bootstrap10!K12 -> 1.0336952 | M12: =RANDBETWEEN(1,10) -> 2
A13: 12 | B13: 10 | C13: =VLOOKUP(M13,'10'!$B$2:$G$12, 2,FALSE) -> 3.969 | D13: =(2*'10'!$C$10)-Bootstrap10!C13 -> 6.885 | E13: =VLOOKUP(M13,'10'!$B$2:$G$12, 3,FALSE) -> 0.026354738 | F13: =(2*'10'!$D$10)-Bootstrap10!E13 -> 0.036602426 | G13: =VLOOKUP(M13,'10'!$B$2:$G$12, 4,FALSE) -> 52.306122 | H13: =(2*'10'!$E$10)-Bootstrap10!G13 -> 55.156564 | I13: =VLOOKUP(M13,'10'!$B$2:$G$12, 5,FALSE) -> 26.300666 | J13: =(2*'10'!$F$10)-Bootstrap10!I13 -> 17.738622 | K13: =VLOOKUP(M13,'10'!$B$2:$G$12, 6,FALSE) -> 1.0267051 | L13: =(2*'10'!$G$10)-Bootstrap10!K13 -> 1.0372534 | M13: =RANDBETWEEN(1,10) -> 6
... A1001: 1000 | B1001: 10 | C1001: =VLOOKUP(M1001,'10'!$B$2:$G$12, 2,FALSE) -> 3.969 | D1001: =(2*'10'!$C$10)-Bootstrap10!C1001 -> 6.885 | E1001: =VLOOKUP(M1001,'10'!$B$2:$G$12, 3,FALSE) -> 0.026354738 | F1001: =(2*'10'!$D$10)-Bootstrap10!E1001 -> 0.036602426 | G1001: =VLOOKUP(M1001,'10'!$B$2:$G$12, 4,FALSE) -> 52.306122 | H1001: =(2*'10'!$E$10)-Bootstrap10!G1001 -> 55.156564 | I1001: =VLOOKUP(M1001,'10'!$B$2:$G$12, 5,FALSE) -> 26.300666 | J1001: =(2*'10'!$F$10)-Bootstrap10!I1001 -> 17.738622 | K1001: =VLOOKUP(M1001,'10'!$B$2:$G$12, 6,FALSE) -> 1.0267051 | L1001: =(2*'10'!$G$10)-Bootstrap10!K1001 -> 1.0372534 | M1001: =RANDBETWEEN(1,10) -> 6

Sheet 15
A1: temp | B1: iterate | C1: R0 | D1: rm | E1: gen time | F1: pop dbl | G1: lamdba
A2: 15 | B2: 1 | C2: 36.95982 | D2: 0.11880867 | E2: 30.383568 | F2: 5.8341463 | G2: 1.1261544
A3: 15 | B3: 2 | C3: 37.34847 | D3: 0.11889981 | E3: 30.448256 | F3: 5.8296743 | G3: 1.1262571
A4: 15 | B4: 3 | C4: 37.03755 | D4: 0.119384 | E4: 30.254743 | F4: 5.8060308 | G4: 1.1268025
A5: 15 | B5: 4 | C5: 37.50393 | D5: 0.1188251 | E5: 30.502358 | F5: 5.8333397 | G5: 1.1261729
A6: 15 | B6: 5 | C6: 38.28123 | D6: 0.12063819 | E6: 30.213979 | F6: 5.7456697 | G6: 1.1282166
A7: 15 | B7: 6 | C7: 39.40911 | D7: 0.12080657 | E7: 30.412229 | F7: 5.7376614 | G7: 1.1284066
A8: 15 | B8: 7 | C8: 36.72663 | D8: 0.11768915 | E8: 30.618812 | F8: 5.8896437 | G8: 1.1248944
A9: 15 | B9: 8 | C9: 37.65939 | D9: 0.1182168 | E9: 30.694303 | F9: 5.8633558 | G9: 1.1254881
A10: 15 | B10: 9 | C10: 37.65939 | D10: 0.11890443 | E10: 30.516796 | F10: 5.8294478 | G10: 1.1262623
A11: 15 | B11: 10 | C11: 37.65939 | D11: 0.11890443 | E11: 30.516796 | F11: 5.8294478 | G11: 1.1262623

Sheet Bootstrap15
A1: replicate | B1: Temp | C1: Ro | D1: Ro adj | E1: Rm | F1: Rm adj | G1: Tc | H1: Tc dj | I1: Td | J1: Td adj | K1: Lam | L1: Lam adj | M1: Randomization
A2: 1 | B2: 15 | C2: =VLOOKUP(M2,'15'!$B$2:$G$13, 2,FALSE) -> 37.50393 | D2: =(2*'15'!$C$10)-Bootstrap15!C2 -> 37.81485 | E2: =VLOOKUP(M2,'15'!$B$2:$G$13, 3,FALSE) -> 0.1188251 | F2: =(2*'15'!$D$10)-Bootstrap15!E2 -> 0.11898376 | G2: =VLOOKUP(M2,'15'!$B$2:$G$13, 4,FALSE) -> 30.502358 | H2: =(2*'15'!$E$10)-Bootstrap15!G2 -> 30.531235 | I2: =VLOOKUP(M2,'15'!$B$2:$G$13, 5,FALSE) -> 5.8333397 | J2: =(2*'15'!$F$10)-Bootstrap15!I2 -> 5.8255559 | K2: =VLOOKUP(M2,'15'!$B$2:$G$13,6,FALSE) -> 1.1261729 | L2: =(2*'15'!$G$10)-Bootstrap15!K2 -> 1.1263516 | M2: =RANDBETWEEN(1,10) -> 4
A3: 2 | B3: 15 | C3: =VLOOKUP(M3,'15'!$B$2:$G$13, 2,FALSE) -> 37.03755 | D3: =(2*'15'!$C$10)-Bootstrap15!C3 -> 38.28123 | E3: =VLOOKUP(M3,'15'!$B$2:$G$13, 3,FALSE) -> 0.119384 | F3: =(2*'15'!$D$10)-Bootstrap15!E3 -> 0.11842486 | G3: =VLOOKUP(M3,'15'!$B$2:$G$13, 4,FALSE) -> 30.254743 | H3: =(2*'15'!$E$10)-Bootstrap15!G3 -> 30.778849 | I3: =VLOOKUP(M3,'15'!$B$2:$G$13, 5,FALSE) -> 5.8060308 | J3: =(2*'15'!$F$10)-Bootstrap15!I3 -> 5.8528648 | K3: =VLOOKUP(M3,'15'!$B$2:$G$13,6,FALSE) -> 1.1268025 | L3: =(2*'15'!$G$10)-Bootstrap15!K3 -> 1.125722 | M3: =RANDBETWEEN(1,10) -> 3
A4: 3 | B4: 15 | C4: =VLOOKUP(M4,'15'!$B$2:$G$13, 2,FALSE) -> 36.95982 | D4: =(2*'15'!$C$10)-Bootstrap15!C4 -> 38.35896 | E4: =VLOOKUP(M4,'15'!$B$2:$G$13, 3,FALSE) -> 0.11880867 | F4: =(2*'15'!$D$10)-Bootstrap15!E4 -> 0.11900019 | G4: =VLOOKUP(M4,'15'!$B$2:$G$13, 4,FALSE) -> 30.383568 | H4: =(2*'15'!$E$10)-Bootstrap15!G4 -> 30.650025 | I4: =VLOOKUP(M4,'15'!$B$2:$G$13, 5,FALSE) -> 5.8341463 | J4: =(2*'15'!$F$10)-Bootstrap15!I4 -> 5.8247493 | K4: =VLOOKUP(M4,'15'!$B$2:$G$13,6,FALSE) -> 1.1261544 | L4: =(2*'15'!$G$10)-Bootstrap15!K4 -> 1.1263701 | M4: =RANDBETWEEN(1,10) -> 1
A5: 4 | B5: 15 | C5: =VLOOKUP(M5,'15'!$B$2:$G$13, 2,FALSE) -> 36.72663 | D5: =(2*'15'!$C$10)-Bootstrap15!C5 -> 38.59215 | E5: =VLOOKUP(M5,'15'!$B$2:$G$13, 3,FALSE) -> 0.11768915 | F5: =(2*'15'!$D$10)-Bootstrap15!E5 -> 0.12011971 | G5: =VLOOKUP(M5,'15'!$B$2:$G$13, 4,FALSE) -> 30.618812 | H5: =(2*'15'!$E$10)-Bootstrap15!G5 -> 30.41478 | I5: =VLOOKUP(M5,'15'!$B$2:$G$13, 5,FALSE) -> 5.8896437 | J5: =(2*'15'!$F$10)-Bootstrap15!I5 -> 5.7692519 | K5: =VLOOKUP(M5,'15'!$B$2:$G$13,6,FALSE) -> 1.1248944 | L5: =(2*'15'!$G$10)-Bootstrap15!K5 -> 1.1276302 | M5: =RANDBETWEEN(1,10) -> 7
A6: 5 | B6: 15 | C6: =VLOOKUP(M6,'15'!$B$2:$G$13, 2,FALSE) -> 36.95982 | D6: =(2*'15'!$C$10)-Bootstrap15!C6 -> 38.35896 | E6: =VLOOKUP(M6,'15'!$B$2:$G$13, 3,FALSE) -> 0.11880867 | F6: =(2*'15'!$D$10)-Bootstrap15!E6 -> 0.11900019 | G6: =VLOOKUP(M6,'15'!$B$2:$G$13, 4,FALSE) -> 30.383568 | H6: =(2*'15'!$E$10)-Bootstrap15!G6 -> 30.650025 | I6: =VLOOKUP(M6,'15'!$B$2:$G$13, 5,FALSE) -> 5.8341463 | J6: =(2*'15'!$F$10)-Bootstrap15!I6 -> 5.8247493 | K6: =VLOOKUP(M6,'15'!$B$2:$G$13,6,FALSE) -> 1.1261544 | L6: =(2*'15'!$G$10)-Bootstrap15!K6 -> 1.1263701 | M6: =RANDBETWEEN(1,10) -> 1
A7: 6 | B7: 15 | C7: =VLOOKUP(M7,'15'!$B$2:$G$13, 2,FALSE) -> 37.03755 | D7: =(2*'15'!$C$10)-Bootstrap15!C7 -> 38.28123 | E7: =VLOOKUP(M7,'15'!$B$2:$G$13, 3,FALSE) -> 0.119384 | F7: =(2*'15'!$D$10)-Bootstrap15!E7 -> 0.11842486 | G7: =VLOOKUP(M7,'15'!$B$2:$G$13, 4,FALSE) -> 30.254743 | H7: =(2*'15'!$E$10)-Bootstrap15!G7 -> 30.778849 | I7: =VLOOKUP(M7,'15'!$B$2:$G$13, 5,FALSE) -> 5.8060308 | J7: =(2*'15'!$F$10)-Bootstrap15!I7 -> 5.8528648 | K7: =VLOOKUP(M7,'15'!$B$2:$G$13,6,FALSE) -> 1.1268025 | L7: =(2*'15'!$G$10)-Bootstrap15!K7 -> 1.125722 | M7: =RANDBETWEEN(1,10) -> 3
A8: 7 | B8: 15 | C8: =VLOOKUP(M8,'15'!$B$2:$G$13, 2,FALSE) -> 39.40911 | D8: =(2*'15'!$C$10)-Bootstrap15!C8 -> 35.90967 | E8: =VLOOKUP(M8,'15'!$B$2:$G$13, 3,FALSE) -> 0.12080657 | F8: =(2*'15'!$D$10)-Bootstrap15!E8 -> 0.1170023 | G8: =VLOOKUP(M8,'15'!$B$2:$G$13, 4,FALSE) -> 30.412229 | H8: =(2*'15'!$E$10)-Bootstrap15!G8 -> 30.621364 | I8: =VLOOKUP(M8,'15'!$B$2:$G$13, 5,FALSE) -> 5.7376614 | J8: =(2*'15'!$F$10)-Bootstrap15!I8 -> 5.9212342 | K8: =VLOOKUP(M8,'15'!$B$2:$G$13,6,FALSE) -> 1.1284066 | L8: =(2*'15'!$G$10)-Bootstrap15!K8 -> 1.1241179 | M8: =RANDBETWEEN(1,10) -> 6
A9: 8 | B9: 15 | C9: =VLOOKUP(M9,'15'!$B$2:$G$13, 2,FALSE) -> 37.65939 | D9: =(2*'15'!$C$10)-Bootstrap15!C9 -> 37.65939 | E9: =VLOOKUP(M9,'15'!$B$2:$G$13, 3,FALSE) -> 0.11890443 | F9: =(2*'15'!$D$10)-Bootstrap15!E9 -> 0.11890443 | G9: =VLOOKUP(M9,'15'!$B$2:$G$13, 4,FALSE) -> 30.516796 | H9: =(2*'15'!$E$10)-Bootstrap15!G9 -> 30.516796 | I9: =VLOOKUP(M9,'15'!$B$2:$G$13, 5,FALSE) -> 5.8294478 | J9: =(2*'15'!$F$10)-Bootstrap15!I9 -> 5.8294478 | K9: =VLOOKUP(M9,'15'!$B$2:$G$13,6,FALSE) -> 1.1262623 | L9: =(2*'15'!$G$10)-Bootstrap15!K9 -> 1.1262623 | M9: =RANDBETWEEN(1,10) -> 9
A10: 9 | B10: 15 | C10: =VLOOKUP(M10,'15'!$B$2:$G$13, 2,FALSE) -> 37.03755 | D10: =(2*'15'!$C$10)-Bootstrap15!C10 -> 38.28123 | E10: =VLOOKUP(M10,'15'!$B$2:$G$13, 3,FALSE) -> 0.119384 | F10: =(2*'15'!$D$10)-Bootstrap15!E10 -> 0.11842486 | G10: =VLOOKUP(M10,'15'!$B$2:$G$13, 4,FALSE) -> 30.254743 | H10: =(2*'15'!$E$10)-Bootstrap15!G10 -> 30.778849 | I10: =VLOOKUP(M10,'15'!$B$2:$G$13, 5,FALSE) -> 5.8060308 | J10: =(2*'15'!$F$10)-Bootstrap15!I10 -> 5.8528648 | K10: =VLOOKUP(M10,'15'!$B$2:$G$13,6,FALSE) -> 1.1268025 | L10: =(2*'15'!$G$10)-Bootstrap15!K10 -> 1.125722 | M10: =RANDBETWEEN(1,10) -> 3
A11: 10 | B11: 15 | C11: =VLOOKUP(M11,'15'!$B$2:$G$13, 2,FALSE) -> 38.28123 | D11: =(2*'15'!$C$10)-Bootstrap15!C11 -> 37.03755 | E11: =VLOOKUP(M11,'15'!$B$2:$G$13, 3,FALSE) -> 0.12063819 | F11: =(2*'15'!$D$10)-Bootstrap15!E11 -> 0.11717068 | G11: =VLOOKUP(M11,'15'!$B$2:$G$13, 4,FALSE) -> 30.213979 | H11: =(2*'15'!$E$10)-Bootstrap15!G11 -> 30.819613 | I11: =VLOOKUP(M11,'15'!$B$2:$G$13, 5,FALSE) -> 5.7456697 | J11: =(2*'15'!$F$10)-Bootstrap15!I11 -> 5.9132259 | K11: =VLOOKUP(M11,'15'!$B$2:$G$13,6,FALSE) -> 1.1282166 | L11: =(2*'15'!$G$10)-Bootstrap15!K11 -> 1.1243079 | M11: =RANDBETWEEN(1,10) -> 5
A12: 11 | B12: 15 | C12: =VLOOKUP(M12,'15'!$B$2:$G$13, 2,FALSE) -> 37.65939 | D12: =(2*'15'!$C$10)-Bootstrap15!C12 -> 37.65939 | E12: =VLOOKUP(M12,'15'!$B$2:$G$13, 3,FALSE) -> 0.11890443 | F12: =(2*'15'!$D$10)-Bootstrap15!E12 -> 0.11890443 | G12: =VLOOKUP(M12,'15'!$B$2:$G$13, 4,FALSE) -> 30.516796 | H12: =(2*'15'!$E$10)-Bootstrap15!G12 -> 30.516796 | I12: =VLOOKUP(M12,'15'!$B$2:$G$13, 5,FALSE) -> 5.8294478 | J12: =(2*'15'!$F$10)-Bootstrap15!I12 -> 5.8294478 | K12: =VLOOKUP(M12,'15'!$B$2:$G$13,6,FALSE) -> 1.1262623 | L12: =(2*'15'!$G$10)-Bootstrap15!K12 -> 1.1262623 | M12: =RANDBETWEEN(1,10) -> 10
A13: 12 | B13: 15 | C13: =VLOOKUP(M13,'15'!$B$2:$G$13, 2,FALSE) -> 37.65939 | D13: =(2*'15'!$C$10)-Bootstrap15!C13 -> 37.65939 | E13: =VLOOKUP(M13,'15'!$B$2:$G$13, 3,FALSE) -> 0.1182168 | F13: =(2*'15'!$D$10)-Bootstrap15!E13 -> 0.11959206 | G13: =VLOOKUP(M13,'15'!$B$2:$G$13, 4,FALSE) -> 30.694303 | H13: =(2*'15'!$E$10)-Bootstrap15!G13 -> 30.33929 | I13: =VLOOKUP(M13,'15'!$B$2:$G$13, 5,FALSE) -> 5.8633558 | J13: =(2*'15'!$F$10)-Bootstrap15!I13 -> 5.7955398 | K13: =VLOOKUP(M13,'15'!$B$2:$G$13,6,FALSE) -> 1.1254881 | L13: =(2*'15'!$G$10)-Bootstrap15!K13 -> 1.1270365 | M13: =RANDBETWEEN(1,10) -> 8
... A1001: 1000 | B1001: 15 | C1001: =VLOOKUP(M1001,'15'!$B$2:$G$13, 2,FALSE) -> 37.65939 | D1001: =(2*'15'!$C$10)-Bootstrap15!C1001 -> 37.65939 | E1001: =VLOOKUP(M1001,'15'!$B$2:$G$13, 3,FALSE) -> 0.11890443 | F1001: =(2*'15'!$D$10)-Bootstrap15!E1001 -> 0.11890443 | G1001: =VLOOKUP(M1001,'15'!$B$2:$G$13, 4,FALSE) -> 30.516796 | H1001: =(2*'15'!$E$10)-Bootstrap15!G1001 -> 30.516796 | I1001: =VLOOKUP(M1001,'15'!$B$2:$G$13, 5,FALSE) -> 5.8294478 | J1001: =(2*'15'!$F$10)-Bootstrap15!I1001 -> 5.8294478 | K1001: =VLOOKUP(M1001,'15'!$B$2:$G$13,6,FALSE) -> 1.1262623 | L1001: =(2*'15'!$G$10)-Bootstrap15!K1001 -> 1.1262623 | M1001: =RANDBETWEEN(1,10) -> 10

Sheet 18
A1: temp | B1: iterate | C1: R0 | D1: rm | E1: gen time | F1: pop dbl | G1: lamdba
A2: 18 | B2: 1 | C2: 143.51067 | D2: 0.12642449 | E2: 39.283603 | F2: 5.4826971 | G2: 1.1347638
A3: 18 | B3: 2 | C3: 144.79333 | D3: 0.12629541 | E3: 39.394208 | F3: 5.4883009 | G3: 1.1346173
A4: 18 | B4: 3 | C4: 144.596 | D4: 0.12641672 | E4: 39.345616 | F4: 5.4830341 | G4: 1.1347549
A5: 18 | B5: 4 | C5: 145.53333 | D5: 0.1263997 | E5: 39.402034 | F5: 5.4837725 | G5: 1.1347356
A6: 18 | B6: 5 | C6: 144.892 | D6: 0.12695216 | E6: 39.195778 | F6: 5.4599086 | G6: 1.1353627
A7: 18 | B7: 6 | C7: 143.264 | D7: 0.1265644 | E7: 39.226584 | F7: 5.4766362 | G7: 1.1349225
A8: 18 | B8: 7 | C8: 142.47467 | D8: 0.12659607 | E8: 39.17313 | F8: 5.4752663 | G8: 1.1349585
A9: 18 | B9: 8 | C9: 143.65867 | D9: 0.12686089 | E9: 39.156593 | F9: 5.4638368 | G9: 1.1352591
A10: 18 | B10: 9 | C10: 144.892 | D10: 0.12666827 | E10: 39.283623 | F10: 5.4721452 | G10: 1.1350404
A11: 18 | B11: 10 | C11: 146.12533 | D11: 0.12618143 | E11: 39.502363 | F11: 5.4932582 | G11: 1.134488
A12: 18 | B12: 11 | C12: 144.20133 | D12: 0.12698682 | E12: 39.147451 | F12: 5.4584181 | G12: 1.1354021
A13: 18 | B13: 12 | C13: 143.856 | D13: 0.12730695 | E13: 39.030178 | F13: 5.4446926 | G13: 1.1357656
... A16: 18 | B16: 15 | C16: 143.80667 | D16: 0.12660486 | E16: 39.243911 | F16: 5.4748861 | G16: 1.1349685

Sheet Bootstrap18
A1: replicate | B1: Temp | C1: Ro | D1: Ro adj | E1: Rm | F1: Rm adj | G1: Tc | H1: Tc dj | I1: Td | J1: Td adj | K1: Lam | L1: Lam adj | M1: Randomization
A2: 1 | B2: 18 | C2: =VLOOKUP(M2,'18'!$B$2:$G$19, 2,FALSE) -> 146.12533 | D2: =(2*'18'!$C$15)-Bootstrap18!C2 -> 142.47467 | E2: =VLOOKUP(M2,'18'!$B$2:$G$19, 3,FALSE) -> 0.12618143 | F2: =(2*'18'!$D$15)-Bootstrap18!E2 -> 0.12721262 | G2: =VLOOKUP(M2,'18'!$B$2:$G$19, 4,FALSE) -> 39.502363 | H2: =(2*'18'!$E$15)-Bootstrap18!G2 -> 38.982423 | I2: =VLOOKUP(M2,'18'!$B$2:$G$19, 5,FALSE) -> 5.4932582 | J2: =(2*'18'!$F$15)-Bootstrap18!I2 -> 5.4485485 | K2: =VLOOKUP(M2,'18'!$B$2:$G$19,6,FALSE) -> 1.134488 | L2: =(2*'18'!$G$15)-Bootstrap18!K2 -> 1.1356582 | M2: =RANDBETWEEN(1,15) -> 10
A3: 2 | B3: 18 | C3: =VLOOKUP(M3,'18'!$B$2:$G$19, 2,FALSE) -> 144.596 | D3: =(2*'18'!$C$15)-Bootstrap18!C3 -> 144.004 | E3: =VLOOKUP(M3,'18'!$B$2:$G$19, 3,FALSE) -> 0.12641672 | F3: =(2*'18'!$D$15)-Bootstrap18!E3 -> 0.12697733 | G3: =VLOOKUP(M3,'18'!$B$2:$G$19, 4,FALSE) -> 39.345616 | H3: =(2*'18'!$E$15)-Bootstrap18!G3 -> 39.13917 | I3: =VLOOKUP(M3,'18'!$B$2:$G$19, 5,FALSE) -> 5.4830341 | J3: =(2*'18'!$F$15)-Bootstrap18!I3 -> 5.4587726 | K3: =VLOOKUP(M3,'18'!$B$2:$G$19,6,FALSE) -> 1.1347549 | L3: =(2*'18'!$G$15)-Bootstrap18!K3 -> 1.1353912 | M3: =RANDBETWEEN(1,15) -> 3
A4: 3 | B4: 18 | C4: =VLOOKUP(M4,'18'!$B$2:$G$19, 2,FALSE) -> 143.856 | D4: =(2*'18'!$C$15)-Bootstrap18!C4 -> 144.744 | E4: =VLOOKUP(M4,'18'!$B$2:$G$19, 3,FALSE) -> 0.12730695 | F4: =(2*'18'!$D$15)-Bootstrap18!E4 -> 0.1260871 | G4: =VLOOKUP(M4,'18'!$B$2:$G$19, 4,FALSE) -> 39.030178 | H4: =(2*'18'!$E$15)-Bootstrap18!G4 -> 39.454608 | I4: =VLOOKUP(M4,'18'!$B$2:$G$19, 5,FALSE) -> 5.4446926 | J4: =(2*'18'!$F$15)-Bootstrap18!I4 -> 5.4971142 | K4: =VLOOKUP(M4,'18'!$B$2:$G$19,6,FALSE) -> 1.1357656 | L4: =(2*'18'!$G$15)-Bootstrap18!K4 -> 1.1343806 | M4: =RANDBETWEEN(1,15) -> 12
A5: 4 | B5: 18 | C5: =VLOOKUP(M5,'18'!$B$2:$G$19, 2,FALSE) -> 142.47467 | D5: =(2*'18'!$C$15)-Bootstrap18!C5 -> 146.12533 | E5: =VLOOKUP(M5,'18'!$B$2:$G$19, 3,FALSE) -> 0.12659607 | F5: =(2*'18'!$D$15)-Bootstrap18!E5 -> 0.12679798 | G5: =VLOOKUP(M5,'18'!$B$2:$G$19, 4,FALSE) -> 39.17313 | H5: =(2*'18'!$E$15)-Bootstrap18!G5 -> 39.311656 | I5: =VLOOKUP(M5,'18'!$B$2:$G$19, 5,FALSE) -> 5.4752663 | J5: =(2*'18'!$F$15)-Bootstrap18!I5 -> 5.4665404 | K5: =VLOOKUP(M5,'18'!$B$2:$G$19,6,FALSE) -> 1.1349585 | L5: =(2*'18'!$G$15)-Bootstrap18!K5 -> 1.1351877 | M5: =RANDBETWEEN(1,15) -> 7
A6: 5 | B6: 18 | C6: =VLOOKUP(M6,'18'!$B$2:$G$19, 2,FALSE) -> 144.892 | D6: =(2*'18'!$C$15)-Bootstrap18!C6 -> 143.708 | E6: =VLOOKUP(M6,'18'!$B$2:$G$19, 3,FALSE) -> 0.12666827 | F6: =(2*'18'!$D$15)-Bootstrap18!E6 -> 0.12672578 | G6: =VLOOKUP(M6,'18'!$B$2:$G$19, 4,FALSE) -> 39.283623 | H6: =(2*'18'!$E$15)-Bootstrap18!G6 -> 39.201164 | I6: =VLOOKUP(M6,'18'!$B$2:$G$19, 5,FALSE) -> 5.4721452 | J6: =(2*'18'!$F$15)-Bootstrap18!I6 -> 5.4696615 | K6: =VLOOKUP(M6,'18'!$B$2:$G$19,6,FALSE) -> 1.1350404 | L6: =(2*'18'!$G$15)-Bootstrap18!K6 -> 1.1351057 | M6: =RANDBETWEEN(1,15) -> 9
A7: 6 | B7: 18 | C7: =VLOOKUP(M7,'18'!$B$2:$G$19, 2,FALSE) -> 144.596 | D7: =(2*'18'!$C$15)-Bootstrap18!C7 -> 144.004 | E7: =VLOOKUP(M7,'18'!$B$2:$G$19, 3,FALSE) -> 0.12641672 | F7: =(2*'18'!$D$15)-Bootstrap18!E7 -> 0.12697733 | G7: =VLOOKUP(M7,'18'!$B$2:$G$19, 4,FALSE) -> 39.345616 | H7: =(2*'18'!$E$15)-Bootstrap18!G7 -> 39.13917 | I7: =VLOOKUP(M7,'18'!$B$2:$G$19, 5,FALSE) -> 5.4830341 | J7: =(2*'18'!$F$15)-Bootstrap18!I7 -> 5.4587726 | K7: =VLOOKUP(M7,'18'!$B$2:$G$19,6,FALSE) -> 1.1347549 | L7: =(2*'18'!$G$15)-Bootstrap18!K7 -> 1.1353912 | M7: =RANDBETWEEN(1,15) -> 3
A8: 7 | B8: 18 | C8: =VLOOKUP(M8,'18'!$B$2:$G$19, 2,FALSE) -> 144.892 | D8: =(2*'18'!$C$15)-Bootstrap18!C8 -> 143.708 | E8: =VLOOKUP(M8,'18'!$B$2:$G$19, 3,FALSE) -> 0.12666827 | F8: =(2*'18'!$D$15)-Bootstrap18!E8 -> 0.12672578 | G8: =VLOOKUP(M8,'18'!$B$2:$G$19, 4,FALSE) -> 39.283623 | H8: =(2*'18'!$E$15)-Bootstrap18!G8 -> 39.201164 | I8: =VLOOKUP(M8,'18'!$B$2:$G$19, 5,FALSE) -> 5.4721452 | J8: =(2*'18'!$F$15)-Bootstrap18!I8 -> 5.4696615 | K8: =VLOOKUP(M8,'18'!$B$2:$G$19,6,FALSE) -> 1.1350404 | L8: =(2*'18'!$G$15)-Bootstrap18!K8 -> 1.1351057 | M8: =RANDBETWEEN(1,15) -> 9
A9: 8 | B9: 18 | C9: =VLOOKUP(M9,'18'!$B$2:$G$19, 2,FALSE) -> 146.12533 | D9: =(2*'18'!$C$15)-Bootstrap18!C9 -> 142.47467 | E9: =VLOOKUP(M9,'18'!$B$2:$G$19, 3,FALSE) -> 0.12618143 | F9: =(2*'18'!$D$15)-Bootstrap18!E9 -> 0.12721262 | G9: =VLOOKUP(M9,'18'!$B$2:$G$19, 4,FALSE) -> 39.502363 | H9: =(2*'18'!$E$15)-Bootstrap18!G9 -> 38.982423 | I9: =VLOOKUP(M9,'18'!$B$2:$G$19, 5,FALSE) -> 5.4932582 | J9: =(2*'18'!$F$15)-Bootstrap18!I9 -> 5.4485485 | K9: =VLOOKUP(M9,'18'!$B$2:$G$19,6,FALSE) -> 1.134488 | L9: =(2*'18'!$G$15)-Bootstrap18!K9 -> 1.1356582 | M9: =RANDBETWEEN(1,15) -> 10
A10: 9 | B10: 18 | C10: =VLOOKUP(M10,'18'!$B$2:$G$19, 2,FALSE) -> 144.892 | D10: =(2*'18'!$C$15)-Bootstrap18!C10 -> 143.708 | E10: =VLOOKUP(M10,'18'!$B$2:$G$19, 3,FALSE) -> 0.12695216 | F10: =(2*'18'!$D$15)-Bootstrap18!E10 -> 0.12644189 | G10: =VLOOKUP(M10,'18'!$B$2:$G$19, 4,FALSE) -> 39.195778 | H10: =(2*'18'!$E$15)-Bootstrap18!G10 -> 39.289008 | I10: =VLOOKUP(M10,'18'!$B$2:$G$19, 5,FALSE) -> 5.4599086 | J10: =(2*'18'!$F$15)-Bootstrap18!I10 -> 5.4818982 | K10: =VLOOKUP(M10,'18'!$B$2:$G$19,6,FALSE) -> 1.1353627 | L10: =(2*'18'!$G$15)-Bootstrap18!K10 -> 1.1347834 | M10: =RANDBETWEEN(1,15) -> 5
A11: 10 | B11: 18 | C11: =VLOOKUP(M11,'18'!$B$2:$G$19, 2,FALSE) -> 143.65867 | D11: =(2*'18'!$C$15)-Bootstrap18!C11 -> 144.94133 | E11: =VLOOKUP(M11,'18'!$B$2:$G$19, 3,FALSE) -> 0.12686089 | F11: =(2*'18'!$D$15)-Bootstrap18!E11 -> 0.12653316 | G11: =VLOOKUP(M11,'18'!$B$2:$G$19, 4,FALSE) -> 39.156593 | H11: =(2*'18'!$E$15)-Bootstrap18!G11 -> 39.328193 | I11: =VLOOKUP(M11,'18'!$B$2:$G$19, 5,FALSE) -> 5.4638368 | J11: =(2*'18'!$F$15)-Bootstrap18!I11 -> 5.4779699 | K11: =VLOOKUP(M11,'18'!$B$2:$G$19,6,FALSE) -> 1.1352591 | L11: =(2*'18'!$G$15)-Bootstrap18!K11 -> 1.1348871 | M11: =RANDBETWEEN(1,15) -> 8
A12: 11 | B12: 18 | C12: =VLOOKUP(M12,'18'!$B$2:$G$19, 2,FALSE) -> 143.856 | D12: =(2*'18'!$C$15)-Bootstrap18!C12 -> 144.744 | E12: =VLOOKUP(M12,'18'!$B$2:$G$19, 3,FALSE) -> 0.12730695 | F12: =(2*'18'!$D$15)-Bootstrap18!E12 -> 0.1260871 | G12: =VLOOKUP(M12,'18'!$B$2:$G$19, 4,FALSE) -> 39.030178 | H12: =(2*'18'!$E$15)-Bootstrap18!G12 -> 39.454608 | I12: =VLOOKUP(M12,'18'!$B$2:$G$19, 5,FALSE) -> 5.4446926 | J12: =(2*'18'!$F$15)-Bootstrap18!I12 -> 5.4971142 | K12: =VLOOKUP(M12,'18'!$B$2:$G$19,6,FALSE) -> 1.1357656 | L12: =(2*'18'!$G$15)-Bootstrap18!K12 -> 1.1343806 | M12: =RANDBETWEEN(1,15) -> 12
A13: 12 | B13: 18 | C13: =VLOOKUP(M13,'18'!$B$2:$G$19, 2,FALSE) -> 144.892 | D13: =(2*'18'!$C$15)-Bootstrap18!C13 -> 143.708 | E13: =VLOOKUP(M13,'18'!$B$2:$G$19, 3,FALSE) -> 0.12695216 | F13: =(2*'18'!$D$15)-Bootstrap18!E13 -> 0.12644189 | G13: =VLOOKUP(M13,'18'!$B$2:$G$19, 4,FALSE) -> 39.195778 | H13: =(2*'18'!$E$15)-Bootstrap18!G13 -> 39.289008 | I13: =VLOOKUP(M13,'18'!$B$2:$G$19, 5,FALSE) -> 5.4599086 | J13: =(2*'18'!$F$15)-Bootstrap18!I13 -> 5.4818982 | K13: =VLOOKUP(M13,'18'!$B$2:$G$19,6,FALSE) -> 1.1353627 | L13: =(2*'18'!$G$15)-Bootstrap18!K13 -> 1.1347834 | M13: =RANDBETWEEN(1,15) -> 5
... A1001: 1000 | B1001: 18 | C1001: =VLOOKUP(M1001,'18'!$B$2:$G$19, 2,FALSE) -> 143.80667 | D1001: =(2*'18'!$C$15)-Bootstrap18!C1001 -> 144.79333 | E1001: =VLOOKUP(M1001,'18'!$B$2:$G$19, 3,FALSE) -> 0.12660486 | F1001: =(2*'18'!$D$15)-Bootstrap18!E1001 -> 0.12678919 | G1001: =VLOOKUP(M1001,'18'!$B$2:$G$19, 4,FALSE) -> 39.243911 | H1001: =(2*'18'!$E$15)-Bootstrap18!G1001 -> 39.240876 | I1001: =VLOOKUP(M1001,'18'!$B$2:$G$19, 5,FALSE) -> 5.4748861 | J1001: =(2*'18'!$F$15)-Bootstrap18!I1001 -> 5.4669207 | K1001: =VLOOKUP(M1001,'18'!$B$2:$G$19,6,FALSE) -> 1.1349685 | L1001: =(2*'18'!$G$15)-Bootstrap18!K1001 -> 1.1351777 | M1001: =RANDBETWEEN(1,15) -> 15

Sheet 23
A1: temp | B1: iterate | C1: R0 | D1: rm | E1: gen time | F1: pop dbl | G1: lamdba
A2: 23 | B2: 1 | C2: 100.224 | D2: 0.19618551 | E2: 23.484954 | F2: 3.5331211 | G2: 1.2167526
A3: 23 | B3: 2 | C3: 99.992 | D3: 0.19594194 | E3: 23.50232 | F3: 3.5375131 | G3: 1.2164563
A4: 23 | B4: 3 | C4: 100.108 | D4: 0.19715287 | E4: 23.363847 | F4: 3.5157853 | G4: 1.2179302
A5: 23 | B5: 4 | C5: 100.282 | D5: 0.19655133 | E5: 23.444187 | F5: 3.5265454 | G5: 1.2171978
A6: 23 | B6: 5 | C6: 101.906 | D6: 0.19671333 | E6: 23.506545 | F6: 3.5236411 | G6: 1.217395
A7: 23 | B7: 6 | C7: 100.456 | D7: 0.19460914 | E7: 23.687067 | F7: 3.56174 | G7: 1.2148361
A8: 23 | B8: 7 | C8: 100.108 | D8: 0.19630585 | E8: 23.464658 | F8: 3.5309553 | G8: 1.216899
A9: 23 | B9: 8 | C9: 101.094 | D9: 0.19626239 | E9: 23.519793 | F9: 3.5317373 | G9: 1.2168461
A10: 23 | B10: 9 | C10: 99.702 | D10: 0.19534204 | E10: 23.559628 | F10: 3.5483769 | G10: 1.2157267
A11: 23 | B11: 10 | C11: 100.746 | D11: 0.19591859 | E11: 23.543466 | F11: 3.5379348 | G11: 1.2164279
A12: 23 | B12: 11 | C12: 100.108 | D12: 0.19545646 | E12: 23.566628 | F12: 3.5462997 | G12: 1.2158658
A13: 23 | B13: 12 | C13: 100.398 | D13: 0.19516219 | E13: 23.616984 | F13: 3.551647 | G13: 1.2155081
... A16: 23 | B16: 15 | C16: 101.152 | D16: 0.19509069 | E16: 23.663991 | F16: 3.5529485 | G16: 1.2154212

Sheet Bootstrap23
A1: replicate | B1: Temp | C1: Ro | D1: Ro adj | E1: Rm | F1: Rm adj | G1: Tc | H1: Tc dj | I1: Td | J1: Td adj | K1: Lam | L1: Lam adj | M1: Randomization
A2: 1 | B2: 23 | C2: =VLOOKUP(M2,'23'!$B$2:$G$19, 2,FALSE) -> 101.906 | D2: =(2*'23'!$C$13)-Bootstrap23!C2 -> 98.89 | E2: =VLOOKUP(M2,'23'!$B$2:$G$19, 3,FALSE) -> 0.19671333 | F2: =(2*'23'!$D$13)-Bootstrap23!E2 -> 0.19361104 | G2: =VLOOKUP(M2,'23'!$B$2:$G$19, 4,FALSE) -> 23.506545 | H2: =(2*'23'!$E$13)-Bootstrap23!G2 -> 23.727424 | I2: =VLOOKUP(M2,'23'!$B$2:$G$19, 5,FALSE) -> 3.5236411 | J2: =(2*'23'!$F$13)-Bootstrap23!I2 -> 3.5796528 | K2: =VLOOKUP(M2,'23'!$B$2:$G$19,6,FALSE) -> 1.217395 | L2: =(2*'23'!$G$13)-Bootstrap23!K2 -> 1.2136212 | M2: =RANDBETWEEN(1,15) -> 5
A3: 2 | B3: 23 | C3: =VLOOKUP(M3,'23'!$B$2:$G$19, 2,FALSE) -> 99.992 | D3: =(2*'23'!$C$13)-Bootstrap23!C3 -> 100.804 | E3: =VLOOKUP(M3,'23'!$B$2:$G$19, 3,FALSE) -> 0.19594194 | F3: =(2*'23'!$D$13)-Bootstrap23!E3 -> 0.19438243 | G3: =VLOOKUP(M3,'23'!$B$2:$G$19, 4,FALSE) -> 23.50232 | H3: =(2*'23'!$E$13)-Bootstrap23!G3 -> 23.731649 | I3: =VLOOKUP(M3,'23'!$B$2:$G$19, 5,FALSE) -> 3.5375131 | J3: =(2*'23'!$F$13)-Bootstrap23!I3 -> 3.5657808 | K3: =VLOOKUP(M3,'23'!$B$2:$G$19,6,FALSE) -> 1.2164563 | L3: =(2*'23'!$G$13)-Bootstrap23!K3 -> 1.2145599 | M3: =RANDBETWEEN(1,15) -> 2
A4: 3 | B4: 23 | C4: =VLOOKUP(M4,'23'!$B$2:$G$19, 2,FALSE) -> 100.282 | D4: =(2*'23'!$C$13)-Bootstrap23!C4 -> 100.514 | E4: =VLOOKUP(M4,'23'!$B$2:$G$19, 3,FALSE) -> 0.19655133 | F4: =(2*'23'!$D$13)-Bootstrap23!E4 -> 0.19377304 | G4: =VLOOKUP(M4,'23'!$B$2:$G$19, 4,FALSE) -> 23.444187 | H4: =(2*'23'!$E$13)-Bootstrap23!G4 -> 23.789781 | I4: =VLOOKUP(M4,'23'!$B$2:$G$19, 5,FALSE) -> 3.5265454 | J4: =(2*'23'!$F$13)-Bootstrap23!I4 -> 3.5767485 | K4: =VLOOKUP(M4,'23'!$B$2:$G$19,6,FALSE) -> 1.2171978 | L4: =(2*'23'!$G$13)-Bootstrap23!K4 -> 1.2138184 | M4: =RANDBETWEEN(1,15) -> 4
A5: 4 | B5: 23 | C5: =VLOOKUP(M5,'23'!$B$2:$G$19, 2,FALSE) -> 100.108 | D5: =(2*'23'!$C$13)-Bootstrap23!C5 -> 100.688 | E5: =VLOOKUP(M5,'23'!$B$2:$G$19, 3,FALSE) -> 0.19630585 | F5: =(2*'23'!$D$13)-Bootstrap23!E5 -> 0.19401852 | G5: =VLOOKUP(M5,'23'!$B$2:$G$19, 4,FALSE) -> 23.464658 | H5: =(2*'23'!$E$13)-Bootstrap23!G5 -> 23.769311 | I5: =VLOOKUP(M5,'23'!$B$2:$G$19, 5,FALSE) -> 3.5309553 | J5: =(2*'23'!$F$13)-Bootstrap23!I5 -> 3.5723386 | K5: =VLOOKUP(M5,'23'!$B$2:$G$19,6,FALSE) -> 1.216899 | L5: =(2*'23'!$G$13)-Bootstrap23!K5 -> 1.2141172 | M5: =RANDBETWEEN(1,15) -> 7
A6: 5 | B6: 23 | C6: =VLOOKUP(M6,'23'!$B$2:$G$19, 2,FALSE) -> 100.282 | D6: =(2*'23'!$C$13)-Bootstrap23!C6 -> 100.514 | E6: =VLOOKUP(M6,'23'!$B$2:$G$19, 3,FALSE) -> 0.19655133 | F6: =(2*'23'!$D$13)-Bootstrap23!E6 -> 0.19377304 | G6: =VLOOKUP(M6,'23'!$B$2:$G$19, 4,FALSE) -> 23.444187 | H6: =(2*'23'!$E$13)-Bootstrap23!G6 -> 23.789781 | I6: =VLOOKUP(M6,'23'!$B$2:$G$19, 5,FALSE) -> 3.5265454 | J6: =(2*'23'!$F$13)-Bootstrap23!I6 -> 3.5767485 | K6: =VLOOKUP(M6,'23'!$B$2:$G$19,6,FALSE) -> 1.2171978 | L6: =(2*'23'!$G$13)-Bootstrap23!K6 -> 1.2138184 | M6: =RANDBETWEEN(1,15) -> 4
A7: 6 | B7: 23 | C7: =VLOOKUP(M7,'23'!$B$2:$G$19, 2,FALSE) -> 99.992 | D7: =(2*'23'!$C$13)-Bootstrap23!C7 -> 100.804 | E7: =VLOOKUP(M7,'23'!$B$2:$G$19, 3,FALSE) -> 0.19594194 | F7: =(2*'23'!$D$13)-Bootstrap23!E7 -> 0.19438243 | G7: =VLOOKUP(M7,'23'!$B$2:$G$19, 4,FALSE) -> 23.50232 | H7: =(2*'23'!$E$13)-Bootstrap23!G7 -> 23.731649 | I7: =VLOOKUP(M7,'23'!$B$2:$G$19, 5,FALSE) -> 3.5375131 | J7: =(2*'23'!$F$13)-Bootstrap23!I7 -> 3.5657808 | K7: =VLOOKUP(M7,'23'!$B$2:$G$19,6,FALSE) -> 1.2164563 | L7: =(2*'23'!$G$13)-Bootstrap23!K7 -> 1.2145599 | M7: =RANDBETWEEN(1,15) -> 2
A8: 7 | B8: 23 | C8: =VLOOKUP(M8,'23'!$B$2:$G$19, 2,FALSE) -> 99.992 | D8: =(2*'23'!$C$13)-Bootstrap23!C8 -> 100.804 | E8: =VLOOKUP(M8,'23'!$B$2:$G$19, 3,FALSE) -> 0.19594194 | F8: =(2*'23'!$D$13)-Bootstrap23!E8 -> 0.19438243 | G8: =VLOOKUP(M8,'23'!$B$2:$G$19, 4,FALSE) -> 23.50232 | H8: =(2*'23'!$E$13)-Bootstrap23!G8 -> 23.731649 | I8: =VLOOKUP(M8,'23'!$B$2:$G$19, 5,FALSE) -> 3.5375131 | J8: =(2*'23'!$F$13)-Bootstrap23!I8 -> 3.5657808 | K8: =VLOOKUP(M8,'23'!$B$2:$G$19,6,FALSE) -> 1.2164563 | L8: =(2*'23'!$G$13)-Bootstrap23!K8 -> 1.2145599 | M8: =RANDBETWEEN(1,15) -> 2
A9: 8 | B9: 23 | C9: =VLOOKUP(M9,'23'!$B$2:$G$19, 2,FALSE) -> 100.398 | D9: =(2*'23'!$C$13)-Bootstrap23!C9 -> 100.398 | E9: =VLOOKUP(M9,'23'!$B$2:$G$19, 3,FALSE) -> 0.19516219 | F9: =(2*'23'!$D$13)-Bootstrap23!E9 -> 0.19516219 | G9: =VLOOKUP(M9,'23'!$B$2:$G$19, 4,FALSE) -> 23.616984 | H9: =(2*'23'!$E$13)-Bootstrap23!G9 -> 23.616984 | I9: =VLOOKUP(M9,'23'!$B$2:$G$19, 5,FALSE) -> 3.551647 | J9: =(2*'23'!$F$13)-Bootstrap23!I9 -> 3.551647 | K9: =VLOOKUP(M9,'23'!$B$2:$G$19,6,FALSE) -> 1.2155081 | L9: =(2*'23'!$G$13)-Bootstrap23!K9 -> 1.2155081 | M9: =RANDBETWEEN(1,15) -> 12
A10: 9 | B10: 23 | C10: =VLOOKUP(M10,'23'!$B$2:$G$19, 2,FALSE) -> 101.152 | D10: =(2*'23'!$C$13)-Bootstrap23!C10 -> 99.644 | E10: =VLOOKUP(M10,'23'!$B$2:$G$19, 3,FALSE) -> 0.19509069 | F10: =(2*'23'!$D$13)-Bootstrap23!E10 -> 0.19523368 | G10: =VLOOKUP(M10,'23'!$B$2:$G$19, 4,FALSE) -> 23.663991 | H10: =(2*'23'!$E$13)-Bootstrap23!G10 -> 23.569978 | I10: =VLOOKUP(M10,'23'!$B$2:$G$19, 5,FALSE) -> 3.5529485 | J10: =(2*'23'!$F$13)-Bootstrap23!I10 -> 3.5503454 | K10: =VLOOKUP(M10,'23'!$B$2:$G$19,6,FALSE) -> 1.2154212 | L10: =(2*'23'!$G$13)-Bootstrap23!K10 -> 1.215595 | M10: =RANDBETWEEN(1,15) -> 15
A11: 10 | B11: 23 | C11: =VLOOKUP(M11,'23'!$B$2:$G$19, 2,FALSE) -> 100.282 | D11: =(2*'23'!$C$13)-Bootstrap23!C11 -> 100.514 | E11: =VLOOKUP(M11,'23'!$B$2:$G$19, 3,FALSE) -> 0.19655133 | F11: =(2*'23'!$D$13)-Bootstrap23!E11 -> 0.19377304 | G11: =VLOOKUP(M11,'23'!$B$2:$G$19, 4,FALSE) -> 23.444187 | H11: =(2*'23'!$E$13)-Bootstrap23!G11 -> 23.789781 | I11: =VLOOKUP(M11,'23'!$B$2:$G$19, 5,FALSE) -> 3.5265454 | J11: =(2*'23'!$F$13)-Bootstrap23!I11 -> 3.5767485 | K11: =VLOOKUP(M11,'23'!$B$2:$G$19,6,FALSE) -> 1.2171978 | L11: =(2*'23'!$G$13)-Bootstrap23!K11 -> 1.2138184 | M11: =RANDBETWEEN(1,15) -> 4
A12: 11 | B12: 23 | C12: =VLOOKUP(M12,'23'!$B$2:$G$19, 2,FALSE) -> 100.108 | D12: =(2*'23'!$C$13)-Bootstrap23!C12 -> 100.688 | E12: =VLOOKUP(M12,'23'!$B$2:$G$19, 3,FALSE) -> 0.19715287 | F12: =(2*'23'!$D$13)-Bootstrap23!E12 -> 0.1931715 | G12: =VLOOKUP(M12,'23'!$B$2:$G$19, 4,FALSE) -> 23.363847 | H12: =(2*'23'!$E$13)-Bootstrap23!G12 -> 23.870122 | I12: =VLOOKUP(M12,'23'!$B$2:$G$19, 5,FALSE) -> 3.5157853 | J12: =(2*'23'!$F$13)-Bootstrap23!I12 -> 3.5875086 | K12: =VLOOKUP(M12,'23'!$B$2:$G$19,6,FALSE) -> 1.2179302 | L12: =(2*'23'!$G$13)-Bootstrap23!K12 -> 1.213086 | M12: =RANDBETWEEN(1,15) -> 3
A13: 12 | B13: 23 | C13: =VLOOKUP(M13,'23'!$B$2:$G$19, 2,FALSE) -> 100.746 | D13: =(2*'23'!$C$13)-Bootstrap23!C13 -> 100.05 | E13: =VLOOKUP(M13,'23'!$B$2:$G$19, 3,FALSE) -> 0.19591859 | F13: =(2*'23'!$D$13)-Bootstrap23!E13 -> 0.19440579 | G13: =VLOOKUP(M13,'23'!$B$2:$G$19, 4,FALSE) -> 23.543466 | H13: =(2*'23'!$E$13)-Bootstrap23!G13 -> 23.690503 | I13: =VLOOKUP(M13,'23'!$B$2:$G$19, 5,FALSE) -> 3.5379348 | J13: =(2*'23'!$F$13)-Bootstrap23!I13 -> 3.5653591 | K13: =VLOOKUP(M13,'23'!$B$2:$G$19,6,FALSE) -> 1.2164279 | L13: =(2*'23'!$G$13)-Bootstrap23!K13 -> 1.2145884 | M13: =RANDBETWEEN(1,15) -> 10
... A1001: 1000 | B1001: 23 | C1001: =VLOOKUP(M1001,'23'!$B$2:$G$19, 2,FALSE) -> 100.108 | D1001: =(2*'23'!$C$13)-Bootstrap23!C1001 -> 100.688 | E1001: =VLOOKUP(M1001,'23'!$B$2:$G$19, 3,FALSE) -> 0.19545646 | F1001: =(2*'23'!$D$13)-Bootstrap23!E1001 -> 0.19486791 | G1001: =VLOOKUP(M1001,'23'!$B$2:$G$19, 4,FALSE) -> 23.566628 | H1001: =(2*'23'!$E$13)-Bootstrap23!G1001 -> 23.667341 | I1001: =VLOOKUP(M1001,'23'!$B$2:$G$19, 5,FALSE) -> 3.5462997 | J1001: =(2*'23'!$F$13)-Bootstrap23!I1001 -> 3.5569942 | K1001: =VLOOKUP(M1001,'23'!$B$2:$G$19,6,FALSE) -> 1.2158658 | L1001: =(2*'23'!$G$13)-Bootstrap23!K1001 -> 1.2151504 | M1001: =RANDBETWEEN(1,15) -> 11
